entity_name,technique_id_seq,num_techniques,motive,source
Handala,T1133 -> T1078.002 -> T1199 -> T1110 -> T1003.001 -> T1003.002 -> T1087.002 -> T1021.001 -> T1572 -> T1105 -> T1047 -> T1484.001 -> T1037.003 -> T1053.005 -> T1059.001 -> T1561.002 -> T1485 -> T1486,18,Sabotage,https://research.checkpoint.com/2026/handala-hack-unveiling-groups-modus-operandi/
Lazarus_2,T1566.002 -> T1059.003 -> T1204.002 -> T1569.002 -> T1543.003 -> T1547.001 -> T1543.003 -> T1140 -> T1070.002 -> T1070.003 -> T1070.004 -> T1036.003 -> T1036.004 -> T1112 -> T1557.001 -> T1135 -> T1057 -> T1016 -> T1033 -> T1049 -> T1082 -> T1083 -> T1007 -> T1021.002 -> T1560.001 -> T1071.001 -> T1132.002 -> T1104 -> T1572 -> T1090.001 -> T1041,31,Espionage,https://ics-cert.kaspersky.com/publications/reports/2021/02/25/lazarus-targets-defense-industry-with-threatneedle/
Royal,T1566 -> T1059 -> T1112 -> T1562.001 -> T1069 -> T1018 -> T1570 -> T1095 -> T1567 -> T1490 -> T1486,11,Financial,https://www.trendmicro.com/vinfo/us/security/news/ransomware-spotlight/ransomware-spotlight-royal
Void Rabisu,T1583.008 -> T1566.002 -> T1546.015 -> T1027.002 -> T1027.001 -> T1555.003 -> T1113 -> T1571 -> T1071.001 -> T1219,10,Espionage,https://www.trendmicro.com/en_us/research/23/e/void-rabisu-s-use-of-romcom-backdoor-shows-a-growing-shift-in-th.html
Shedding_Zmiy_Case1,T1566.001 -> T1190 -> T1569.002 -> T1059.001 -> T1059.003 -> T1059.005 -> T1136.001 -> T1078.002 -> T1543.003 -> T1547.001 -> T1505.003 -> T1053.005 -> T1036.005 -> T1562.001 -> T1140 -> T1620 -> T1070.001 -> T1112 -> T1003.001 -> T1003.003 -> T1003.005 -> T1555.005 -> T1033 -> T1016 -> T1046 -> T1057 -> T1010 -> T1518.001 -> T1021.001 -> T1021.002 -> T1021.006 -> T1210 -> T1550.002 -> T1570 -> T1560.001 -> T1005 -> T1132.001 -> T1219 -> T1567.002,39,Espionage,https://rt-solar.ru/solar-4rays/blog/4333/
Shedding_Zmiy_Case2,T1566.001 -> T1199 -> T1059.001 -> T1059.003 -> T1059.005 -> T1059.010 -> T1204.002 -> T1078.002 -> T1136.001 -> T1037.001 -> T1547.001 -> T1053.005 -> T1574.002 -> T1070.004 -> T1140 -> T1082 -> T1033 -> T1021.001 -> T1560.001 -> T1219 -> T1572,21,Espionage,https://rt-solar.ru/solar-4rays/blog/4333/
Shedding_Zmiy_Case3,T1190 -> T1059.004 -> T1059.006 -> T1574.006 -> T1543.002 -> T1053.003 -> T1014 -> T1070.004 -> T1090 -> T1573.001 -> T1573.002,11,Espionage,https://rt-solar.ru/solar-4rays/blog/4333/
Shedding_Zmiy_Case4,T1199 -> T1059.001 -> T1059.004 -> T1569.002 -> T1078.002 -> T1136.001 -> T1053.003 -> T1543.003 -> T1068 -> T1112 -> T1574.002 -> T1070.002 -> T1070.006 -> T1036.004 -> T1036.005 -> T1558 -> T1018 -> T1615 -> T1087.002 -> T1482 -> T1046 -> T1021.001 -> T1021.002 -> T1021.004 -> T1021.006 -> T1090.002,26,Espionage,https://rt-solar.ru/solar-4rays/blog/4333/
Shedding_Zmiy_Case6,T1190 -> T1059.001 -> T1059.003 -> T1053.005 -> T1078.002 -> T1505.003 -> T1505.004 -> T1574.002 -> T1562.004 -> T1036.004 -> T1558 -> T1021.001 -> T1021.002 -> T1090.002,14,Espionage,https://rt-solar.ru/solar-4rays/blog/4333/
Shedding_Zmiy_Case7,T1190 -> T1059.004 -> T1059 -> T1574.006 -> T1543.002 -> T1078.002 -> T1548.001 -> T1070.002 -> T1564.010 -> T1552.004 -> T1110 -> T1046 -> T1021.004 -> T1090 -> T1105 -> T1071.001,16,Espionage,https://rt-solar.ru/solar-4rays/blog/4333/
FrostBeacon,T1566.001 -> T1204.002 -> T1221 -> T1059.003 -> T1027 -> T1140 -> T1055 -> T1082 -> T1016 -> T1090 -> T1071.001 -> T1105,12,Financial,https://www.seqrite.com/blog/operation-frostbeacon-multi-cluster-cobalt-strike-campaign-targets-russia/
ZeroCleare,T1068 -> T1059.001 -> T1059 -> T1553.002 -> T1070.004 -> T1106 -> T1680 -> T1561.002,8,Sabotage,https://gold.safeguard.sh/attack/software/S1151
Turla_armenian,T1189 -> T1204 -> T1053 -> T1016 -> T1057 -> T1082 ->  T1071 -> T1573 -> T1571 -> T1041,10, Espionage, https://www.trendmicro.com/en_us/research/23/i/examining-the-activities-of-the-turla-group.html
Turla_Comrat, T1059 -> T1053 -> T1055 -> T1112 -> T1027 -> T1069 -> T1033 -> T1082 -> T1083 -> T1087 -> T1120 -> T1135 -> T1016 -> T1213 -> T1573 -> T1071 -> T1102 -> T1048,18, Espionage, https://www.trendmicro.com/en_us/research/23/i/examining-the-activities-of-the-turla-group.html
Turla_Crutch, T1078.003 -> T1053.005 -> T1574.001 -> T1036.004 -> T1120 -> T1025 -> T1074.001 -> T1119 -> T1560.001 -> T1008 -> T1071.001 -> T1102.002 -> T1020 -> T1041 -> T1567.002,15,Espionage,https://www.trendmicro.com/en_us/research/23/i/examining-the-activities-of-the-turla-group.html
Salt Typhoon,T1595 -> T1590.004 -> T1583.003 -> T1584.008 -> T1588.005 -> T1588.002 -> T1190 -> T1199 -> T1569 -> T1609 -> T1059.006 -> T1059.008 -> T1136.001 -> T1543.005 -> T1098.004 -> T1068 -> T1027.010 -> T1027 -> T1562.004 -> T1610 -> T1070 -> T1070.009 -> T1599 -> T1040 -> T1556 -> T1003 -> T1110.002 -> T1082 -> T1016 -> T1021 -> T1021.004 -> T1560 -> T1602.001 -> T1602.002 -> T1005 -> T1090 -> T1090.003 -> T1071 -> T1571 -> T1572 -> T1095 -> T1048.003,42,Espionage,https://www.cyber.gov.au/about-us/view-all-content/alerts-and-advisories/countering-chinese-state-sponsored-actors-compromise-of-networks-worldwide-to-feed-global-espionage-system
Zimbra,T1589.001 -> T1589.002 -> T1593 -> T1595 -> T1596.005 -> T1597 -> T1597.002 -> T1583 -> T1583.003 -> T1587 -> T1587.001 -> T1587.004 -> T1588.002 -> T1588.007 -> T1608 -> T1078 -> T1199 -> T1566 -> T1203 -> T1098 -> T1556.006 -> T1078 -> T1027.010 -> T1027.013 -> T1027.017 -> T1550.004 -> T1556.006 -> T1557 -> T1074.002 -> T1114 -> T1114.002 -> T1119 -> T1185 -> T1560 -> T1087 -> T1048 -> T1048.002 -> T1048.003,38,Espionage,https://www.cyber.gov.au/about-us/view-all-content/alerts-and-advisories/russian-state-supported-cyber-actors-conduct-phishing-campaign-targeting-users-of-zimbra-collaboration-suite
Interlock,T1189 -> T1059.001 -> T1204.004 -> T1547.001 -> T1078.002 -> T1036.005 -> T1218.011 -> T1070.004 -> T1555.003 -> T1056 -> T1056.001 -> T1558.003 -> T1033 -> T1082 -> T1007 -> T1016 -> T1078 -> T1021.001 -> T1530 -> T1105 -> T1219 -> T1567.002 -> T1048 -> T1486 -> T1657,25,Financial,https://www.cisa.gov/news-events/cybersecurity-advisories/aa25-203a
LummaC2,T1566 -> T1566.001 -> T1566.002 -> T1027 -> T1036 -> T1140 -> T1012 -> T1217 -> T1119 -> T1071.001 -> T1105 -> T1106,12,Financial,https://www.cisa.gov/news-events/cybersecurity-advisories/aa25-141b
Medusa,T1190 -> T1566 -> T1070.003 -> T1027.013 -> T1027 -> T1070 -> T1562.001 -> T1046 -> T1083 -> T1135 -> T1016 -> T1082 -> T1069.002 -> T1003.001 -> T1059.001 -> T1059.003 -> T1072 -> T1021.001 -> T1569.002 -> T1047 -> T1567.002 -> T1105 -> T1071.001 -> T1219 -> T1136.002 -> T1486 -> T1490 -> T1657 -> T1529 -> T1489,30,Financial,https://www.cisa.gov/news-events/cybersecurity-advisories/aa25-071a
Ghost,T1190 -> T1047 -> T1059.001 -> T1059.003 -> T1098 -> T1136.001 -> T1136.002 -> T1505.003 -> T1068 -> T1134.001 -> T1071.001 -> T1562.001 -> T1564.003 -> T1003 -> T1018 -> T1057 -> T1087.002 -> T1135 -> T1518 -> T1518.001 -> T1041 -> T1567.002 -> T1071.001 -> T1105 -> T1132.001 -> T1573 -> T1486 -> T1490,28,Financial,https://www.cisa.gov/news-events/cybersecurity-advisories/aa25-050a
Unit 29155,T1590.002 -> T1595 -> T1595.001 -> T1595.002 -> T1596.005 -> T1583.003 -> T1588.001 -> T1588.005 -> T1078.001 -> T1190 -> T1059.001 -> T1505.003 -> T1003.001 -> T1003.002 -> T1110.003 -> T1552.001 -> T1046 -> T1654 -> T1550.002 -> T1114 -> T1125 -> T1213.001 -> T1560 -> T1090.003 -> T1071.001 -> T1071.004 -> T1095 -> T1105 -> T1572 -> T1567.002 -> T1485,31,Sabotage,https://www.cisa.gov/news-events/cybersecurity-advisories/aa24-249a
RansomHub1,T1588.005 -> T1566 -> T1190 -> T1059.001 -> T1047 -> T1059.001 -> T1136 -> T1098 -> T1021.001 -> T1036 -> T1070 -> T1562.001 -> T1003 -> T1110.003 -> T1018 -> T1046 -> T1210 -> T1219 -> T1048.002 -> T1537 -> T1048.003 -> T1486 -> T1490,23,Financial,https://www.cisa.gov/news-events/cybersecurity-advisories/aa24-242a
Andariel,T1591 -> T1592 -> T1595 -> T1596 -> T1003 -> T1048 -> T1090 -> T1560 -> T1572 -> T1587.001 -> T1587.004 -> T1190 -> T1059 -> T1027 -> T1003 -> T1021 -> T1021.002 -> T1083 -> T1087 -> T1071 -> T1090 -> T1039 -> T1048 -> T1560 -> T1567,25,Espionage,https://www.cisa.gov/news-events/cybersecurity-advisories/aa24-207a
BlackBasta,T1566 -> T1566.004 -> T1190 -> T1068 -> T1036 -> T1562.001 -> T1204 -> T1059.001 -> T1490 -> T1486,10,Financial,https://www.cisa.gov/news-events/cybersecurity-advisories/aa24-131a
Akira,T1078 -> T1133 -> T1190 -> T1566.001 -> T1566.002 -> T1059.001 -> T1059.003 -> T1059.005 -> T1569.002 -> T1098 -> T1136.001 -> T1136.002 -> T1068 -> T1027 -> T1027.015 -> T1036 -> T1222.001 -> T1562.001 -> T1562.004 -> T1604 -> T1003 -> T1003.001 -> T1003.002 -> T1003.003 -> T1110 -> T1110.003 -> T1555 -> T1555.003 -> T1555.004 -> T1016 -> T1018 -> T1046 -> T1057 -> T1069.001 -> T1069.002 -> T1082 -> T1087.002 -> T1482 -> T1021 -> T1021.001 -> T1021.004 -> T1550.002 -> T1560.001 -> T1090 -> T1105 -> T1219 -> T1572 -> T1048 -> T1537 -> T1567.002 -> T1486 -> T1490 -> T1657,53,Financial,https://www.cisa.gov/news-events/cybersecurity-advisories/aa24-109a
Phobos,T1593 -> T1595.001 -> T1598 -> T1585 -> T1588.002 -> T1078 -> T1133 -> T1566.001 -> T1047 -> T1059.003 -> T1106 -> T1204.002 -> T1547.001 -> T1055.002 -> T1055.004 -> T1134.001 -> T1134.002 -> T1027.002 -> T1027.009 -> T1140 -> T1218.005 -> T1562 -> T1562.004 -> T1003.001 -> T1003.005 -> T1110 -> T1555 -> T1555.003 -> T1555.005 -> T1057 -> T1082 -> T1083 -> T1087.002 -> T1560 -> T1001.003 -> T1071.002 -> T1105 -> T1219 -> T1048 -> T1567.002 -> T1486 -> T1490 -> T1657,43,Financial,https://www.cisa.gov/news-events/cybersecurity-advisories/aa24-060a
Unknown,T1589.001 -> T1078.002 -> T1133 -> T1078.002 -> T1078.004 -> T1552.001 -> T1087.002 -> T1018 -> T1482 -> T1083 -> T1046 -> T1021 -> T1021.007 -> T1021.002 -> T1213.002,15,Financial,https://www.cisa.gov/news-events/cybersecurity-advisories/aa24-046a
VoltTyphoon,T1592 -> T1589 -> T1589.002 -> T1590 -> T1591 -> T1593 -> T1594 -> T1583.003 -> T1584.005 -> T1584.004 -> T1587.004 -> T1588.005 -> T1190 -> T1133 -> T1059 -> T1059.001 -> T1059.004 -> T1047 -> T1078 -> T1068 -> T1006 -> T1070.009 -> T1070.001 -> T1070.004 -> T1036.005 -> T1112 -> T1027.002 -> T1218 -> T1110.002 -> T1555 -> T1555.003 -> T1003.001 -> T1003.003 -> T1552 -> T1552.004 -> T1087.001 -> T1010 -> T1217 -> T1083 -> T1654 -> T1046 -> T1120 -> T1069 -> T1057 -> T1012 -> T1518 -> T1082 -> T1614 -> T1016.001 -> T1033 -> T1007 -> T1124 -> T1563 -> T1021.007 -> T1021.001 -> T1550 -> T1078.004 -> T1560 -> T1560.001 -> T1074 -> T1113 -> T1573 -> T1105 -> T1090 -> T1090.001 -> T1090.003 -> T1048,67,Sabotage,https://www.cisa.gov/news-events/cybersecurity-advisories/aa24-038a
Play,T1078 -> T1190 -> T1133 -> T1059.001 -> T1016 -> T1518.001 -> T1562.001 -> T1070.001 -> T1552 -> T1003 -> T1570 -> T1484.001 -> T1560.001 -> T1048 -> T1486 -> T1657,16,Financial,https://www.cisa.gov/news-events/cybersecurity-advisories/aa23-352a
StarBlizzard,T1593 -> T1589 -> T1585.001 -> T1585.002 -> T1583.001 -> T1586.002 -> T1078 -> T1566.001 -> T1566.002 -> T1550.004 -> T1539 -> T1114.002 -> T1114.003,13,Espionage,https://www.cisa.gov/news-events/cybersecurity-advisories/aa23-341a
CyberAv3ngers,T1110 -> T1078.001 -> T1565.001 -> T1531 -> T1499 -> T1491.001 -> T1499,7,Sabotage,https://www.cisa.gov/news-events/cybersecurity-advisories/aa23-335a
ScatteredSpider1,T1589 -> T1598 -> T1597.002 -> T1594 -> T1598.004 -> T1593.001 -> T1583.001 -> T1585.001 -> T1566 -> T1660 -> T1566.004 -> T1199 -> T1078.002 -> T1648 -> T1204 -> T1136 -> T1556.006 -> T1078 -> T1484.002 -> T1578.002 -> T1656 -> T1606 -> T1621 -> T1552.001 -> T1552.004 -> T1451 -> T1217 -> T1538 -> T1083 -> T1018 -> T1539 -> T1021.007 -> T1213.003 -> T1213.002 -> T1074 -> T1114 -> T1530 -> T1219 -> T1090 -> T1567 -> T1486 -> T1567.002 -> T1657,43,Financial,https://www.cisa.gov/news-events/cybersecurity-advisories/aa23-320a
Rhysida,T1587 -> T1078 -> T1059.009 -> T1059.001 -> T1059.003 -> T1055.002 -> T1070.001 -> T1070.004 -> T1564.003 -> T1003.003 -> T1112 -> T1016 -> T1018 -> T1033 -> T1069.001 -> T1069.002 -> T1087.002 -> T1482 -> T1021.001 -> T1021.004 -> T1219 -> T1219 -> T1486 -> T1657,24,Financial,https://www.cisa.gov/news-events/cybersecurity-advisories/aa23-319a
Snatch,T1590 -> T1583.003 -> T1078 -> T1133 -> T1059.003 -> T1569.002 -> T1078.002 -> T1036 -> T1070.004 -> T1112 -> T1562.001 -> T1562.009 -> T1110.001 -> T1012 -> T1057 -> T1021.001 -> T1005 -> T1071.001 -> T1486 -> T1490,20,Financial,https://www.cisa.gov/news-events/cybersecurity-advisories/aa23-263a
BlackTech,T1588.003 -> T1199 -> T1205 -> T1542.004 -> T1112 -> T1562 -> T1562.003 -> T1601.001 -> T1021.001 -> T1021.004 -> T1071.002 -> T1090,12,Espionage,https://www.cisa.gov/news-events/cybersecurity-advisories/aa23-270a
Lockbit,T1189 -> T1190 -> T1133 -> T1566 -> T1078 -> T1059.003 -> T1072 -> T1569.002 -> T1547 -> T1078 -> T1548 -> T1547 -> T1484.001 -> T1078 -> T1480.001 -> T1562.001 -> T1070.001 -> T1070.004 -> T1027 -> T1027.002 -> T1110 -> T1555.003 -> T1003 -> T1003.001 -> T1046 -> T1082 -> T1614.001 -> T1021.001 -> T1021.002 -> T1560.001 -> T1071.002 -> T1071.001 -> T1095 -> T1572 -> T1219 -> T1567 -> T1567.002 -> T1485 -> T1486 -> T1491.001 -> T1490 -> T1489,42,Financial,https://www.cisa.gov/news-events/cybersecurity-advisories/aa23-165a
CL0P,T1190 -> T1566 -> T1059.001 -> T1059.003 -> T1129 -> T1505.003 -> T1546.011 -> T1068 -> T1055 -> T1070 -> T1574.002 -> T1018 -> T1021.002 -> T1563.002 -> T1113 -> T1071 -> T1105 -> T1041,18,Financial,https://www.cisa.gov/news-events/cybersecurity-advisories/aa23-158a
BianLian,T1587.001 -> T1133 -> T1566 -> T1078 -> T1190 -> T1059.001 -> T1059.003 -> T1053.005 -> T1098 -> T1136.001 -> T1136.002 -> T1136.003 -> T1505.003 -> T1068 -> T1112 -> T1562.001 -> T1562.004 -> T1027.002 -> T1036.004 -> T1003.001 -> T1003.003 -> T1552.001 -> T1552.004 -> T1087.002 -> T1482 -> T1083 -> T1046 -> T1135 -> T1069.002 -> T1012 -> T1018 -> T1033 -> T1057 -> T1518 -> T1082 -> T1021.001 -> T1021.002 -> T1115 -> T1560 -> T1105 -> T1219 -> T1090 -> T1090.002 -> T1537 -> T1048 -> T1567.002 -> T1486,47,Financial,https://www.cisa.gov/news-events/cybersecurity-advisories/aa23-136a
Lockbit3.0,T1078 -> T1133 -> T1189 -> T1190 -> T1566 -> T1072 -> T1078 -> T1547 -> T1547 -> T1027 -> T1070.004 -> T1480.001 -> T1003.001 -> T1046 -> T1082 -> T1614.001 -> T1021.001 -> T1071.002 -> T1572 -> T1567 -> T1567.002 -> T1485 -> T1486 -> T1489 -> T1490 -> T1491.001,26,Financial,https://www.cisa.gov/news-events/cybersecurity-advisories/aa23-075a
BlackSuit1,T1650 -> T1021.001 -> T1133 -> T1190 -> T1566 -> T1566.001 -> T1566.002 -> T1078 -> T1078.002 -> T1021.001 -> T1070.001 -> T1119 -> T1484.001 -> T1562.001 -> T1105 -> T1572 -> T1486,17,Financial,https://www.cisa.gov/news-events/cybersecurity-advisories/aa23-061a
Hive,T1133 -> T1190 -> T1566.001 -> T1059 -> T1070 -> T1112 -> T1562 -> T1537 -> T1486 -> T1490,10,Financial,https://www.cisa.gov/news-events/cybersecurity-advisories/aa22-321a
Daixin,T1598.002 -> T1190 -> T1078 -> T1098 -> T1003 -> T1563.001 -> T1563.002 -> T1550.002 -> T1567 -> T1486,10,Financial,https://www.cisa.gov/news-events/cybersecurity-advisories/aa22-294a
Unknown2,T1078 -> T1047 -> T1059 -> T1059.001 -> T1059.003 -> T1059.006 -> T1129 -> T1569 -> T1078 -> T1543 -> T1078 -> T1036.005 -> T1070 -> T1070.004 -> T1078 -> T1497.001 -> T1562.001 -> T1574 -> T1016 -> T1016.001 -> T1033 -> T1049 -> T1057 -> T1082 -> T1083 -> T1497.001 -> T1021.002 -> T1560.001 -> T1039 -> T1074.002 -> T1095 -> T1105 -> T1090 -> T1029 -> T1567.002,35,Espionage,https://www.cisa.gov/news-events/cybersecurity-advisories/aa22-277a
ViceSociety,T1190 -> T1078 -> T1047 -> T1053 -> T1543.003 -> T1547.001 -> T1574.002 -> T1068 -> T1036 -> T1055 -> T1497 -> T1080 -> T1486 -> T1531,14,Financial,https://www.cisa.gov/news-events/cybersecurity-advisories/aa22-249a-0
Zeppelin,T1133 -> T1190 -> T1566 -> T1204.001 -> T1204.002 -> T1543.003 -> T1486,7,Financial,https://www.cisa.gov/news-events/cybersecurity-advisories/aa22-223a
Karakurt,T1589.001 -> T1589.002 -> T1591.002 -> T1190 -> T1133 -> T1566 -> T1566.001 -> T1078 -> T1078 -> T1083 -> T1219 -> T1048 -> T1567.002,13,Financial,https://www.cisa.gov/news-events/cybersecurity-advisories/aa22-152a
Sandworm,T1133 -> T1059.004 -> T1542.001 -> T1037.004 -> T1562.004 -> T1036.005 -> T1082 -> T1090 -> T1132.002 -> T1008 -> T1071.001 -> T1573.002 -> T1571 -> T1041,14,Sabotage,https://www.cisa.gov/news-events/cybersecurity-advisories/aa22-054a
VoltTyphoon2,T1583.003 -> T1059.004 -> T1584.008 -> T1685 -> T1573 -> T1546 -> T1083 -> T1222.002 -> T1564.013 -> T1070.004 -> T1105 -> T1036 -> T1036.004 -> T1095 -> T1571 -> T1057 -> T1055.009 -> T1518.001 -> T1082 -> T1016,20,Espionage,https://attack.mitre.org/campaigns/C0035/
UNC3890,T1583.001 -> T1584.001 -> T1587.001 -> T1189 -> T1105 -> T1588.002 -> T1608.001 -> T1608.002 -> T1608.004,9,Espionage,https://attack.mitre.org/campaigns/C0010/
TransparetTribe,T1583.001 -> T1059.005 -> T1587.003 -> T1566.001 -> T1566.002 -> T1608.001 -> T1204.001 -> T1204.002,8,Espionage,https://attack.mitre.org/campaigns/C0011/
Unknown3,T1071.001 -> T1059.001 -> T1486 -> T1190 -> T1105 -> T1570 -> T1036 -> T1036.005 -> T1046 -> T1571 -> T1027.010 -> T1588.002 -> T1219.002 -> T1021.001 -> T1072 -> T1218.011 -> T1016 -> T1033 -> T1047,19,Financial,https://attack.mitre.org/campaigns/C0018/
Unknown4,T1583.001 -> T1071.001 -> T1059.001 -> T1584.001 -> T1140 -> T1573.002 -> T1105 -> T1095 -> T1027.009 -> T1027.010 -> T1588.002 -> T1566.002 -> T1608.001 -> T1218.011 -> T1204.001,15,Espionage,https://attack.mitre.org/campaigns/C0021/
UNC5221,T1595.002 -> T1071.004 -> T1560.001 -> T1059 -> T1059.006 -> T1554 -> T1584.008 -> T1005 -> T1685 -> T1190 -> T1070 -> T1070.004 -> T1070.006 -> T1105 -> T1056.001 -> T1056.003 -> T1095 -> T1027.013 -> T1588.002 -> T1003.001 -> T1003.003 -> T1055 -> T1572 -> T1021.001 -> T1021.002 -> T1021.004 -> T1594 -> T1505.003 -> T1082 -> T1205 -> T1078.002,31,Espionage,https://attack.mitre.org/campaigns/C0029/
Unknown5,T1583.001 -> T1560.001 -> T1059.003 -> T1059.005 -> T1585.002 -> T1105 -> T1588.001 -> T1588.002 -> T1057 -> T1018 -> T1082 -> T1016 -> T1049 -> T1047,14,Espionage,https://attack.mitre.org/campaigns/C0007/
HomeLandJustice,T1134.001 -> T1087.003 -> T1098.002 -> T1059.001 -> T1059.003 -> T1486 -> T1685 -> T1685.001 -> T1561.002 -> T1114.002 -> T1041 -> T1190 -> T1105 -> T1570 -> T1036.005 -> T1046 -> T1588.002 -> T1588.003 -> T1003.001 -> T1021.001 -> T1021.002 -> T1505.003 -> T1078 -> T1078.001 -> T1047,25,Sabotage,https://attack.mitre.org/campaigns/C0038/
UNC6040,T1020 -> T1671 -> T1059.006 -> T1586.002 -> T1213.004 -> T1587.001 -> T1585 -> T1585.002 -> T1567 -> T1083 -> T1036 -> T1588.002 -> T1598.004 -> T1090 -> T1090.003 -> T1684.001 -> T1608.005 -> T1078.002,18,Financial,https://attack.mitre.org/campaigns/C0059/
Lynx,T1098.007 -> T1560.001 -> T1486 -> T1136.002 -> T1567 -> T1133 -> T1490 -> T1087.001 -> T1046 -> T1135 -> T1059.001 -> T1012 -> T1219 -> T1021.001 -> T1018 -> T1082 -> T1016 -> T1078 -> T1059.003 -> T1543.003,20,Financial,https://thedfirreport.com/2025/12/17/cats-got-your-files-lynx-ransomware/
LunarSpider,T1134 -> T1560.001 -> T1548.002 -> T1555.003 -> T1552.001 -> T1078.002 -> T1087.002 -> T1069.002 -> T1482 -> T1189 -> T1027.013 -> T1048 -> T1048.003 -> T1210 -> T1083 -> T1070.004 -> T1105 -> T1059.007 -> T1027.016 -> T1570 -> T1087.001 -> T1069.001 -> T1003.001 -> T1204.002 -> T1036 -> T1046 -> T1135 -> T1571 -> T1059.001 -> T1055 -> T1547.001 -> T1021.001 -> T1018 -> T1218.011 -> T1053.005 -> T1518.001 -> T1569.002 -> T1021.002 -> T1082 -> T1033 -> T1071.001 -> T1059.003 -> T1222.001 -> T1047,44,Financial,https://thedfirreport.com/2025/09/29/from-a-single-click-how-lunar-spider-enabled-a-near-two-month-intrusion/
RansomHub2,T1070.001 -> T1486 -> T1003.006 -> T1087.002 -> T1069.002 -> T1482 -> T1048 -> T1133 -> T1083 -> T1222 -> T1070 -> T1490 -> T1570 -> T1087.001 -> T1069.001 -> T1003.001 -> T1046 -> T1110.003 -> T1059.001 -> T1057 -> T1219 -> T1021.001 -> T1018 -> T1016 -> T1078 -> T1059.005 -> T1059.003 -> T1543.003,28,Financial,https://thedfirreport.com/2025/06/30/hide-your-rdp-password-spray-leads-to-ransomhub-deployment/
ELPACO,T1071 -> T1136 -> T1134.002 -> T1486 -> T1562.004 -> T1562.001 -> T1068 -> T1190 -> T1105 -> T1136.001 -> T1003.001 -> T1112 -> T1003.003 -> T1059.001 -> T1057 -> T1012 -> T1219 -> T1021.001 -> T1018 -> T1016 -> T1059.003 -> T1047 -> T1543.003,23,Financial,https://thedfirreport.com/2025/05/19/another-confluence-bites-the-dust-falling-to-elpaco-team-ransomware/
BlackSuit2,T1134 -> T1560.001 -> T1486 -> T1102.001 -> T1069.002 -> T1482 -> T1189 -> T1567.002 -> T1564.001 -> T1105 -> T1490 -> T1570 -> T1087.001 -> T1069.001 -> T1003.001 -> T1204.002 -> T1127.001 -> T1135 -> T1059.001 -> T1572 -> T1547.001 -> T1218.010 -> T1021.001 -> T1018 -> T1518.001 -> T1569.002 -> T1021.002 -> T1082 -> T1033 -> T1071.001 -> T1059.003 -> T1047,32,Financial,https://thedfirreport.com/2025/03/31/fake-zoom-ends-in-blacksuit-ransomware/
LockBit2,T1070.001 -> T1136 -> T1552.001 -> T1486 -> T1567.002 -> T1190 -> T1105 -> T1003.001 -> T1218.005 -> T1046 -> T1059.001 -> T1057 -> T1219 -> T1021.001 -> T1018 -> T1072 -> T1016 -> T1033 -> T1059.003 -> T1543.003,20,Financial,https://thedfirreport.com/2025/02/24/confluence-exploit-leads-to-lockbit-ransomware/
LockBit3,T1552.001 -> T1486 -> T1562.001 -> T1087.002 -> T1069.002 -> T1482 -> T1048 -> T1567.002 -> T1615 -> T1003.001 -> T1204.002 -> T1036 -> T1036.005 -> T1003.003 -> T1059.001 -> T1057 -> T1055 -> T1090 -> T1547.001 -> T1021.001 -> T1018 -> T1053.005 -> T1569.002 -> T1021.002 -> T1071.001 -> T1059.003 -> T1047 -> T1021.006,28,Financial,https://thedfirreport.com/2025/01/27/cobalt-strike-and-a-pair-of-socks-lead-to-lockbit-ransomware/
BlackSuit3,T1548 -> T1560 -> T1558.004 -> T1486 -> T1069.002 -> T1482 -> T1490 -> T1558.003 -> T1003.001 -> T1204.002 -> T1112 -> T1059.001 -> T1055 -> T1090 -> T1547.001 -> T1021.001 -> T1018 -> T1518.001 -> T1569.002 -> T1021.002 -> T1518 -> T1082 -> T1071.001 -> T1059.003 -> T1550.002,25,Financial,https://thedfirreport.com/2024/08/26/blacksuit-ransomware/
DragonLocker,T1134 -> T1560.001 -> T1486 -> T1562.004 -> T1087.002 -> T1069.002 -> T1482 -> T1567.002 -> T1083 -> T1490 -> T1003.001 -> T1204.002 -> T1135 -> T1055 -> T1219 -> T1053.005 -> T1082 -> T1614.001 -> T1124 -> T1071.001 -> T1021.002 -> T1059.003 -> T1047 -> T1059.001 -> T1059.003 -> T1059.007 -> T1218.011 -> T1027.010 -> T1136.002 -> T1552.001 -> T1562.001 -> T1033 -> T1039 -> T1573 -> T1105 -> T1020 -> T1489,37,Financial,https://thedfirreport.com/2024/04/29/from-icedid-to-dagon-locker-ransomware-in-29-days/
Nokoyawa,T1552.001 -> T1486 -> T1039 -> T1069.002 -> T1482 -> T1048 -> T1083 -> T1070 -> T1105 -> T1003.001 -> T1204.002 -> T1036.008 -> T1036 -> T1046 -> T1566 -> T1059.001 -> T1057 -> T1055 -> T1218.010 -> T1219 -> T1021.001 -> T1018 -> T1218.011 -> T1053.005 -> T1518.001 -> T1082 -> T1033 -> T1071.001 -> T1059.003 -> T1543.003,30,Financial,https://thedfirreport.com/2024/04/01/from-onenote-to-ransomnote-an-ice-cold-intrusion/
Trigona,T1078 -> T1133 -> T1059.003 -> T1059.001 -> T1021.001 -> T1486 -> T1018 -> T1069.002 -> T1033 -> T1135 -> T1083 -> T1562.001 -> T1567.002 -> T1112 -> T1570 -> T1105 -> T1547.001,17,Financial,https://thedfirreport.com/2024/01/29/buzzing-on-christmas-eve-trigona-ransomware-in-3-hours/
BlueSky,T1078 -> T1110 -> T1053.005 -> T1059.003 -> T1059.001 -> T1562.001 -> T1055 -> T1003.001 -> T1033 -> T1135 -> T1486 -> T1021.002 -> T1071.001 -> T1569.002 -> T1112 -> T1027 -> T1543.003 -> T1036.004,18,Financial,https://thedfirreport.com/2023/12/04/sql-brute-force-leads-to-bluesky-ransomware/
Quantum,T1204 -> T1614.001 -> T1218.011 -> T1059.001 -> T1059.003 -> T1055 -> T1055.012 -> T1003.001 -> T1486 -> T1482 -> T1021.002 -> T1083 -> T1518.001 -> T1047 -> T1087.002 -> T1082 -> T1018 -> T1053.005 -> T1071.001,19,Financial,https://thedfirreport.com/2022/04/25/quantum-ransomware/
Diavol,T1566.002 -> T1197 -> T1558.003 -> T1558.004 -> T1552.002 -> T1021.001 -> T1567.002 -> T1003 -> T1021.002 -> T1033 -> T1046 -> T1055 -> T1059.001 -> T1069.002 -> T1083 -> T1134 -> T1135 -> T1482 -> T1486 -> T1562.001 -> T1078,21,Financial,https://thedfirreport.com/2021/12/13/diavol-ransomware/
XingLocker,T1003 -> T1021.002 -> T1033 -> T1046 -> T1047 -> T1053 -> T1055 -> T1059.001 -> T1069.002 -> T1083 -> T1134 -> T1135 -> T1482 -> T1486 -> T1518.001 -> T1562.001,16,Financial,https://thedfirreport.com/2021/10/18/icedid-to-xinglocker-ransomware-in-24-hours/
Conti,T1550.002 -> T1055 -> T1059.001 -> T1018 -> T1569.002 -> T1059.003 -> T1087 -> T1482 -> T1082 -> T1021 -> T1047 -> T1048 -> T1021.001 -> T1021.002 -> T1486 -> T1518.001 -> T1012,17,Financial,https://thedfirreport.com/2021/09/13/bazarloader-to-conti-ransomware-in-32-hours/
Sodinokibi,T1566.001 -> T1204 -> T1047 -> T1055 -> T1482 -> T1087.002 -> T1082 -> T1016 -> T1518.001 -> T1021.002 -> T1021.001 -> T1071 -> T1048.002 -> T1486 -> T1204.002 -> T1059 -> T1059.001 -> T1053.005 -> T1018 -> T1218.011,20,Financial,https://thedfirreport.com/2021/03/29/sodinokibi-aka-revil-ransomware/
Conti2,T1059 -> T1090.002 -> T1021.001 -> T1003 -> T1550.002 -> T1569.002 -> T1021.002 -> T1486 -> T1033 -> T1069 -> T1071 -> T1055 -> T1484 -> T1134 -> T1136 -> T1018 -> T1046 -> T1087.002 -> T1562,19,Financial,https://thedfirreport.com/2021/05/12/conti-ransomware/
BazarCall,T1566.001 -> T1218.010 -> T1562.001 -> T1482 -> T1003.001 -> T1033 -> T1059.001 -> T1074.001 -> T1082 -> T1087.001 -> T1087.002 -> T1003.003 -> T1047 -> T1217 -> T1486 -> T1021.002,16,Financial,https://thedfirreport.com/2021/08/01/bazarcall-to-conti-ransomware-via-trickbot-and-cobalt-strike/
PYSA,T1133 -> T1078 -> T1218.005 -> T1059.001 -> T1087.001 -> T1018 -> T1083 -> T1482 -> T1087 -> T1053.005 -> T1570 -> T1021.002 -> T1021.001 -> T1003 -> T1003.001 -> T1057 -> T1071 -> T1041 -> T1486 -> T1218.011,20,Financial,https://thedfirreport.com/2020/11/23/pysa-mespinoza-ransomware/
Ryuk,T1566.002 -> T1021.001 -> T1105 -> T1047 -> T1059 -> T1482 -> T1018 -> T1124 -> T1486 -> T1071 -> T1573 -> T1204 -> T1078 -> T1068 -> T1218 -> T1218.011 -> T1218.010,17,Financial,https://thedfirreport.com/2020/10/18/ryuk-in-5-hours/
Bazarloader,T1566 -> T1566.001 -> T1078.002 -> T1059 -> T1204 -> T1059.001 -> T1059.003 -> T1204.002 -> T1136 -> T1078 -> T1087.001 -> T1055 -> T1055.012 -> T1218 -> T1218.011 -> T1003 -> T1003.001 -> T1003.005 -> T1482 -> T1087 -> T1083 -> T1057 -> T1135 -> T1018 -> T1518 -> T1033 -> T1124 -> T1570 -> T1021 -> T1021.001 -> T1021.002 -> T1021.006 -> T1005 -> T1039 -> T1074 -> T1074.001 -> T1074.002,37,Financial,https://thedfirreport.com/2021/10/04/bazarloader-and-the-conti-leaks/
Conti3,T1218.010 -> T1218.005 -> T1218.011 -> T1567.002 -> T1105 -> T1059.005 -> T1059.007 -> T1059.001 -> T1055 -> T1486 -> T1482 -> T1047 -> T1021.002 -> T1124 -> T1021.001 -> T1566.001 -> T1087.002 -> T1087.001 -> T1057 -> T1083 -> T1590.005,21,Financial,https://thedfirreport.com/2021/11/29/continuing-the-bazar-ransomware-story/
Quantum2,T1566.001 -> T1047 -> T1059.003 -> T1204.002 -> T1059.001 -> T1569.002 -> T1053.005 -> T1068 -> T1134 -> T1218.010 -> T1218.011 -> T1003.006 -> T1003.001 -> T1482 -> T1082 -> T1018 -> T1615 -> T1614.001 -> T1124 -> T1135 -> T1087.002 -> T1083 -> T1021.001 -> T1021.002 -> T1570 -> T1021.006 -> T1074.001 -> T1071.001 -> T1567.002 -> T1486 -> T1531 -> T1562.001 -> T1553.005 -> T1033,34,Financial,https://thedfirreport.com/2023/04/03/malicious-iso-file-leads-to-domain-wide-ransomware/
Quantum3,T1059.001 -> T1055 -> T1070.004 -> T1570 -> T1078 -> T1569.002 -> T1021.002 -> T1018 -> T1057 -> T1218.011 -> T1218.010 -> T1087.002 -> T1069.002 -> T1082 -> T1486 -> T1135 -> T1039 -> T1071.001 -> T1219 -> T1567.002 -> T1021.001 -> T1204.002 -> T1566.001 -> T1210,24,Financial,https://thedfirreport.com/2022/11/28/emotet-strikes-again-lnk-file-leads-to-domain-wide-ransomware/
Akira2,T1136 -> T1555 -> T1486 -> T1039 -> T1021.003 -> T1574.001 -> T1087.002 -> T1568.002 -> T1069.002 -> T1482 -> T1189 -> T1041 -> T1048.001 -> T1083 -> T1490 -> T1087.001 -> T1069.001 -> T1003.001 -> T1204.002 -> T1036 -> T1046 -> T1135 -> T1003.003 -> T1059.001 -> T1055 -> T1090 -> T1219 -> T1021.001 -> T1018 -> T1569.002 -> T1082 -> T1033 -> T1071.001 -> T1059.003 -> T1047 -> T1543.003 -> T1070.004 -> T1027.010,38,Financial,https://thedfirreport.com/2026/06/29/from-bing-search-to-ransomware-bumblebee-and-adaptixc2-deliver-akira-3/
Ryuk2,T1204 -> T1047 -> T1569.002 -> T1059 -> T1059.001 -> T1218.011 -> T1055 -> T1078 -> T1562.001 -> T1087 -> T1482 -> T1046 -> T1012 -> T1018 -> T1518.001 -> T1021 -> T1071 -> T1486,18,Financial,https://thedfirreport.com/2020/10/08/ryuks-return/
Ryuk3,T1566.002 -> T1204 -> T1059 -> T1482 -> T1550.002 -> T1021.001 -> T1021.002 -> T1087.002 -> T1069.002 -> T1082 -> T1124 -> T1518.001 -> T1518 -> T1218.011 -> T1071.004 -> T1569.002 -> T1059.001 -> T1547.001,18,Financial,https://thedfirreport.com/2021/01/31/bazar-no-ryuk/
AppleJeus,T1071.001 -> T1217 -> T1543.004 -> T1678 -> T1189 -> T1573.001 -> T1546.016 -> T1203 -> T1574.001 -> T1559 -> T1027 -> T1027.009 -> T1027.013 -> T1055 -> T1055.002 -> T1620 -> T1553.002 -> T1195.002 -> T1218.007 -> T1218.015 -> T1078 -> T1102.001,22,Financial,https://attack.mitre.org/campaigns/C0057/
GTG-1002,T1087 -> T1595.001 -> T1595.002 -> T1119 -> T1584.004 -> T1136.001 -> T1213.006 -> T1005 -> T1074.001 -> T1587.004 -> T1567 -> T1190 -> T1083 -> T1592.002 -> T1592.004 -> T1590.004 -> T1683 -> T1046 -> T1588.002 -> T1588.007 -> T1082 -> T1016 -> T1049 -> T1552.001 -> T1078 -> T1078.003,26,Espionage,https://attack.mitre.org/campaigns/C0062/
APT28,T1560.001 -> T1110.003 -> T1059.001 -> T1059.003 -> T1584 -> T1074.001 -> T1140 -> T1006 -> T1686.003 -> T1561.001 -> T1567 -> T1003.002 -> T1003.003 -> T1090.001 -> T1021.001 -> T1021.002 -> T1016.002 -> T1669,18,Espionage,https://attack.mitre.org/campaigns/C0051/
APT41,T1583.007 -> T1071.001 -> T1560.001 -> T1119 -> T1586.003 -> T1543.003 -> T1213.006 -> T1074.001 -> T1573.002 -> T1567.002 -> T1574.001 -> T1070.004 -> T1105 -> T1036.004 -> T1027.013 -> T1588.003 -> T1596.005 -> T1593.002 -> T1594 -> T1505.003 -> T1553.002 -> T1569.002 -> T1102,23,Espionage,https://attack.mitre.org/campaigns/C0040/
UAT4356,T1583.003 -> T1583.006 -> T1557 -> T1071.001 -> T1119 -> T1020 -> T1037 -> T1059 -> T1140 -> T1587.001 -> T1587.003 -> T1685 -> T1041 -> T1190 -> T1133 -> T1070.004 -> T1036 -> T1556 -> T1040 -> T1653 -> T1690 -> T1055 -> T1014 -> T1082 -> T1102.003,25,Espionage,https://attack.mitre.org/campaigns/C0046/
ScatteredSpider2,T1087.003 -> T1087.004 -> T1098.001 -> T1098.003 -> T1098.005 -> T1530 -> T1213.002 -> T1190 -> T1133 -> T1589.001 -> T1105 -> T1578.002 -> T1621 -> T1046 -> T1588.002 -> T1003.006 -> T1069.003 -> T1566.004 -> T1598.001 -> T1598.004 -> T1572 -> T1090 -> T1219.002 -> T1021.007 -> T1684.001 -> T1078.004 -> T1102 -> T1047,28,Financial,https://attack.mitre.org/campaigns/C0027/
Unknown6,T1071.001 -> T1119 -> T1020 -> T1059.001 -> T1059.003 -> T1059.005 -> T1005 -> T1140 -> T1573.001 -> T1041 -> T1203 -> T1105 -> T1036.004 -> T1027.010 -> T1588.002 -> T1566.001 -> T1057 -> T1053.005 -> T1518.001 -> T1082 -> T1016 -> T1033 -> T1221 -> T1127.001 -> T1204.002 -> T1497.001 -> T1047,27,Espionage,https://attack.mitre.org/campaigns/C0001/
OilRig,T1071.001 -> T1217 -> T1059.001 -> T1059.005 -> T1584.004 -> T1555.003 -> T1555.004 -> T1132.001 -> T1074.001 -> T1140 -> T1587.001 -> T1053.005 -> T1518 -> T1082,14,Espionage,https://attack.mitre.org/campaigns/C0044/
MirrorFace,T1217 -> T1059.001 -> T1059.003 -> T1059.005 -> T1586.002 -> T1587.001 -> T1685.005 -> T1585.002 -> T1585.003 -> T1083 -> T1070.004 -> T1036.008 -> T1588.002 -> T1137.001 -> T1566.001 -> T1566.002 -> T1219 -> T1219.001 -> T1608.005 -> T1553.002 -> T1082 -> T1016 -> T1127.001 -> T1204.001 -> T1204.002 -> T1047,26,Espionage,https://attack.mitre.org/campaigns/C0060/
Unknown7,T1087.001 -> T1098.004 -> T1059.003 -> T1543.003 -> T1190 -> T1591 -> T1665 -> T1070.004 -> T1036.005 -> T1106 -> T1588.002 -> T1003.001 -> T1003.002 -> T1069.001 -> T1219.001 -> T1021.001 -> T1018 -> T1505.003 -> T1614.001 -> T1033 -> T1569.002 -> T1550.002,22,Espionage,https://attack.mitre.org/campaigns/C0061/
Lazarus_3,T1087.002 -> T1583.001 -> T1583.004 -> T1583.006 -> T1071.001 -> T1560.001 -> T1547.001 -> T1110 -> T1059.001 -> T1059.003 -> T1059.005 -> T1584.001 -> T1584.004 -> T1005 -> T1622 -> T1587.001 -> T1587.002 -> T1573.001 -> T1585.001 -> T1585.002 -> T1041 -> T1567.002 -> T1083 -> T1589 -> T1591 -> T1591.004 -> T1070.004 -> T1105 -> T1534 -> T1036.008 -> T1106 -> T1027.002 -> T1027.013 -> T1588.002 -> T1588.003 -> T1566.001 -> T1566.002 -> T1566.003 -> T1053.005 -> T1593.001 -> T1505.004 -> T1684.001 -> T1608.001 -> T1608.002 -> T1553.002 -> T1218.010 -> T1218.011 -> T1614.001 -> T1221 -> T1204.001 -> T1204.002 -> T1497.001 -> T1497.003 -> T1047 -> T1220,55,Espionage,https://attack.mitre.org/campaigns/C0022/
WinntiGroup,T1087.001 -> T1087.002 -> T1071.001 -> T1560.001 -> T1547.006 -> T1059.003 -> T1059.005 -> T1543.003 -> T1005 -> T1190 -> T1133 -> T1083 -> T1574.001 -> T1036.005 -> T1135 -> T1027.010 -> T1027.011 -> T1588.002 -> T1003.002 -> T1201 -> T1120 -> T1069.001 -> T1057 -> T1018 -> T1053.005 -> T1505.003 -> T1082 -> T1016 -> T1049 -> T1033 -> T1007 -> T1124 -> T1078.002,33,Espionage,https://attack.mitre.org/campaigns/C0012/
Unknown8,T1548.002 -> T1583.001 -> T1583.004 -> T1071.002 -> T1560.001 -> T1059.003 -> T1059.005 -> T1543.003 -> T1005 -> T1074.001 -> T1140 -> T1585.002 -> T1041 -> T1083 -> T1574.011 -> T1070.004 -> T1105 -> T1036 -> T1036.005 -> T1112 -> T1106 -> T1027.013 -> T1588.004 -> T1057 -> T1553.002 -> T1082 -> T1569.002 -> T1204.002,28,Espionage,https://attack.mitre.org/campaigns/C0006/
UTA0218,T1071.001 -> T1059.004 -> T1584.003 -> T1584.006 -> T1005 -> T1074.001 -> T1190 -> T1105 -> T1559 -> T1588.002 -> T1003.003 -> T1090 -> T1021.002 -> T1021.006 -> T1053.003 -> T1078 -> T1078.002,17,Espionage,https://attack.mitre.org/campaigns/C0048/
Lazarus_4,T1583.006 -> T1547.001 -> T1059.005 -> T1584.004 -> T1587.001 -> T1105 -> T1559.002 -> T1036.005 -> T1106 -> T1055 -> T1090 -> T1608.001 -> T1204.002,13,Espionage,https://attack.mitre.org/campaigns/C0013/
Unknown9,T1087.002 -> T1583.004 -> T1071.001 -> T1560.001 -> T1119 -> T1115 -> T1059.001 -> T1059.003 -> T1059.005 -> T1059.006 -> T1555.005 -> T1005 -> T1001 -> T1074.001 -> T1587.001 -> T1686.003 -> T1685.005 -> T1573.002 -> T1585.002 -> T1041 -> T1190 -> T1133 -> T1083 -> T1589 -> T1070.004 -> T1105 -> T1056.001 -> T1570 -> T1680 -> T1036.005 -> T1112 -> T1111 -> T1106 -> T1046 -> T1135 -> T1095 -> T1571 -> T1027.005 -> T1027.010 -> T1588.002 -> T1003.001 -> T1003.006 -> T1120 -> T1069.001 -> T1057 -> T1055 -> T1090 -> T1090.001 -> T1090.003 -> T1012 -> T1021.002 -> T1018 -> T1053.005 -> T1505.003 -> T1518 -> T1518.001 -> T1558.003 -> T1082 -> T1016 -> T1016.001 -> T1049 -> T1033 -> T1007 -> T1569.002 -> T1124 -> T1552.004 -> T1078 -> T1078.002 -> T1078.003 -> T1047,70,Espionage,https://attack.mitre.org/campaigns/C0014/
MustangPanda,T1583.001 -> T1071.001 -> T1547.001 -> T1059.001 -> T1480 -> T1203 -> T1564.001 -> T1574.001 -> T1036.004 -> T1095 -> T1027.013 -> T1588.004 -> T1566.001 -> T1566.002 -> T1090 -> T1608.001 -> T1553.002 -> T1218.007 -> T1218.014 -> T1082 -> T1204.001 -> T1204.002,22,Espionage,https://attack.mitre.org/campaigns/C0047/
UNC3886,T1059.004 -> T1059.008 -> T1554 -> T1140 -> T1587.001 -> T1573.001 -> T1041 -> T1203 -> T1070.004 -> T1070.007 -> T1105 -> T1036.005 -> T1104 -> T1040 -> T1095 -> T1571 -> T1027.013 -> T1690 -> T1057 -> T1055 -> T1090 -> T1090.003 -> T1014 -> T1016 -> T1205 -> T1078,26,Espionage,https://attack.mitre.org/campaigns/C0056/
APT29,T1087 -> T1087.002 -> T1098.001 -> T1098.002 -> T1098.003 -> T1098.005 -> T1583.001 -> T1071.001 -> T1560.001 -> T1059.001 -> T1059.003 -> T1059.005 -> T1584.001 -> T1555 -> T1555.003 -> T1213 -> T1213.003 -> T1005 -> T1074.002 -> T1140 -> T1587.001 -> T1686 -> T1685 -> T1685.001 -> T1484.002 -> T1482 -> T1568 -> T1114.002 -> T1546.003 -> T1048.002 -> T1190 -> T1133 -> T1083 -> T1606.001 -> T1606.002 -> T1589.001 -> T1665 -> T1070 -> T1070.004 -> T1070.006 -> T1070.008 -> T1105 -> T1680 -> T1036.004 -> T1036.005 -> T1003.006 -> T1069 -> T1069.002 -> T1057 -> T1090.001 -> T1021.001 -> T1021.002 -> T1021.006 -> T1018 -> T1053.005 -> T1558.003 -> T1539 -> T1553.002 -> T1195.002 -> T1218.011 -> T1016.001 -> T1199 -> T1552.004 -> T1550 -> T1550.001 -> T1550.004 -> T1078 -> T1078.002 -> T1078.003 -> T1078.004 -> T1047,71,Espionage,https://attack.mitre.org/campaigns/C0024/
